Year,Issue_Number,ID,Title
2000,1,1,在中葡澳门政权交接仪式上的讲话 ………………… 中华人民共和国主席江泽民
2000,1,2,在中华人民共和国澳门特别行政区成立庆祝大会上的讲话 ………………………………………………………… 中华人民共和国主席江泽民
2000,1,3,在首都各界庆祝澳门回归祖国大会上的讲话 ……………………………… 江泽民
2000,1,4,在澳门特别行政区成立暨特区政府宣誓就职仪式上的致辞 … 国务院总理朱镕基
2000,1,5,在庆祝澳门回归招待会上的讲话 ……………………………… 国务院总理朱镕基
2000,1,6,中国人民解放军驻澳门部队进驻澳门特别行政区的命令 ……………………………………………… 中华人民共和国中央军委主席江泽民
2000,1,7,全国人民代表大会常务委员会关于增加澳门特别行政区基本法附件三所列全国性 法律的决定
2000,1,8,中华人民共和国国务院关于授权澳门特别行政区政府接收原澳门政府资产的决定
2000,1,9,中华人民共和国国务院令（第275号） 中华人民共和国澳门特别行政区行政区域范围文字表述
2000,1,10,中华人民共和国国务院令（第274号） 中华人民共和国台湾同胞投资保护法实施细则
2000,1,11,国务院关于全面推进依法行政的决定
2000,1,12,国务院办公厅转发国家经贸委等部门关于清理整顿小炼油厂和规范原油成品油流 通秩序意见的通知 关于清理整顿小炼油厂和规范原油成品油流通秩序的意见
2000,1,13,国务院办公厅转发建设部、交通部等部门关于清理整顿城市出租汽车等公共客运 交通意见的通知 关于清理整顿城市出租汽车等公共客运交通的意见
2000,1,14,关于12月20日放假的通知 …………………………………………… 国务院办公厅
2000,1,15,中华人民共和国外交部公告
2000,1,16,中华人民共和国和哈萨克斯坦共和国关于两国边界问题获得全面解决的联合公报
2000,1,17,中华人民共和国和哈萨克斯坦共和国关于在二十一世纪继续加强全面合作的联合 声明
2000,1,18,中华人民共和国公安部令（第42号） 中华人民共和国边境管理区通行证管理办法
2000,1,19,中华人民共和国公安部令（第43号） 中华人民共和国居民身份证条例实施细则
2000,1,20,关于印发《社会团体设立专项基金管理机构暂行规定》的通知 ………… 民政部 社会团体设立专项基金管理机构暂行规定
2000,1,21,中华人民共和国交通部令（1999年第2号） 中华人民共和国营业性道路运输机动车准驾证管理规定
2000,1,22,关于发布《电信网间互联管理暂行规定》的通知 …………………… 信息产业部 电信网间互联管理暂行规定
2000,1,23,中华人民共和国海关总署令（第73号） 中华人民共和国海关审定加工贸易进口货物完税价格办法
2000,1,24,国家税务总局关于实施对设在中西部地区的外商投资企业给予三年减按15%税率征 收企业所得税的优惠的通知
2000,1,25,中华人民共和国国家工商行政管理局令（第90号） 企业法人法定代表人登记管理规定
2000,1,26,关于印发《出版物市场管理暂行规定》的通知 ……………………… 新闻出版署 出版物市场管理暂行规定
2000,2,1,二〇〇〇年贺词 ——在首都各界迎接新世纪和新千年庆祝活动上的讲话 ……………… 江泽民
2000,2,2,中华人民共和国主席令（第二十六号） 中华人民共和国海洋环境保护法
2000,2,3,中华人民共和国主席令（第二十七号） 中华人民共和国刑法修正案
2000,2,4,中华人民共和国主席令（第二十八号） 中华人民共和国海事诉讼特别程序法
2000,2,5,中华人民共和国主席令（第二十九号） 全国人民代表大会常务委员会关于修改《中华人民共和国公司法》的决定 中华人民共和国公司法
2000,2,6,全国人民代表大会常务委员会关于加强中央预算审查监督的决定
2000,2,7,全国人民代表大会常务委员会关于批准《全国人民代表大会澳门特别行政区筹备 委员会工作情况的报告》和全国人民代表大会澳门特别行政区筹备委员会结束 工作的建议的决定 全国人民代表大会澳门特别行政区筹备委员会关于建议筹委会结束工作的报 告
2000,3,1,国务院关于进一步加强产品质量工作若干问题的决定
2000,3,2,中华人民共和国和印度尼西亚共和国联合新闻公报
2000,3,3,关于印发《国家重点技术改造项目管理办法》、《国家重点技术改造项目国债专 项资金管理办法》的通知 ………………………………… 国家经贸委等四部门 国家重点技术改造项目管理办法 国家重点技术改造项目国债专项资金管理办法
2000,3,4,关于当前深化高等学校人事分配制度改革的若干意见 …………………… 教育部
2000,3,5,中华人民共和国对外贸易经济合作部令（一九九九年第3号） 对外贸易经济合作部《关于外商投资举办投资性公司的暂行规定》的补充 规定
2000,3,6,关于颁布《外经贸企业封闭贷款管理暂行办法》的通知… 中国人民银行等五部门 外经贸企业封闭贷款管理暂行办法
2000,3,7,国家税务总局关于印发《税务行政复议规则（试行）》的通知 税务行政复议规则（试行）
2000,3,8,中国的少数民族政策及其实践 ………………………………… 国务院新闻办公室
2000,4,1,在《维也纳公约》缔约方大会第五次会议和《蒙特利尔议定书》缔约方大会第十 一次会议部长级会议开幕式上的致辞 …………………………………… 江泽民
2000,4,2,迈向新世纪的中国与亚洲（摘要） …………………………………………… 朱镕基
2000,4,3,中华人民共和国国务院令（第276号） 医疗器械监督管理条例
2000,4,4,国务院办公厅关于加强政府系统值班和信息报送工作的通知
2000,4,5,国务院办公厅转发国务院三峡工程建设委员会办公室、移民开发局关于做好三峡 工程库区农村移民外迁安置工作若干意见的通知 关于做好三峡工程库区农村移民外迁安置工作的若干意见
2000,4,6,国务院办公厅　中央军委办公厅关于印发《中国人民解放军军人退役医疗保险暂 行办法》的通知 中国人民解放军军人退役医疗保险暂行办法
2000,4,7,江泽民主席与叶利钦总统非正式会晤联合新闻公报
2000,4,8,中俄联合声明
2000,4,9,江泽民主席致信叶利钦
2000,4,10,外交部发言人1999年12月31日就叶利钦总统宣布辞职发表谈话
2000,4,11,关于印发《国家助学贷款管理操作规程（试行）》的通知 ………………… 教育部 国家助学贷款管理操作规程（试行）
2000,4,12,关于印发《关于加强教育督导与评估工作的意见》的通知 ……………… 教育部 关于加强教育督导与评估工作的意见
2000,4,13,关于重新发布《设置卫星网络空间电台管理规定》的通知 ………… 信息产业部 设置卫星网络空间电台管理规定
2000,4,14,中华人民共和国海关总署令（第74号） 中华人民共和国海关关于异地加工贸易的管理办法
2000,4,15,中华人民共和国海关总署令（第75号） 中华人民共和国海关关于加工贸易保税货物跨关区深加工结转的管理办法
2000,4,16,国家统计局令（第4号） 部门统计调查项目管理暂行办法
2000,4,17,国家林业局令（第3号） 中华人民共和国植物新品种保护条例实施细则（林业部分）
2000,4,18,关于发布《中国证券监督管理委员会股票发行审核委员会条例》的通知 ………………………………………………………… 中国证券监督管理委员会 中国证券监督管理委员会股票发行审核委员会条例
2000,4,19,中华人民共和国国务院任免人员
2000,5,1,国务院致云南省地震灾区广大干部群众的慰问电
2000,5,2,国务院、中央军委关于印发《中国人民解放军士官退出现役安置暂行办法》的通 知 中国人民解放军士官退出现役安置暂行办法
2000,5,3,国务院办公厅转发建设部等部门关于工程勘察设计单位体制改革若干意见的通知 关于工程勘察设计单位体制改革的若干意见
2000,5,4,国务院办公厅关于进一步做好治理开发农村“四荒”资源工作的通知
2000,5,5,中华人民共和国和约旦哈希姆王国联合公报
2000,5,6,中美就美国轰炸中国驻南使馆的赔偿问题达成协议
2000,5,7,关于印发《关于新时期加强高等学校教师队伍建设的意见》的通知 …… 教育部 关于新时期加强高等学校教师队伍建设的意见
2000,5,8,关于进一步加强中小学教育技术装备工作的意见 ………………………… 教育部
2000,5,9,关于印发《武器装备科研生产许可证管理暂行办法》的通知 ……… 国防科工委 武器装备科研生产许可证管理暂行办法
2000,5,10,关于发布《国内交通卫生检疫条例实施方案》的通知 ………… 卫生部等四部门 国内交通卫生检疫条例实施方案
2000,5,11,中华人民共和国海关总署令（第76号） 中华人民共和国海关关于违法内销或者转让加工贸易保税货物处罚办法
2000,5,12,中华人民共和国海关总署令（第78号） 中华人民共和国海关实施《行政复议法》办法
2000,5,13,国家药品监督管理局令（第13号） 药品临床试验管理规范
2000,5,14,国务院关于同意陕西省撤销榆林地区设立地级榆林市的批复
2000,5,15,国务院关于同意青海省调整西宁市行政区划的批复
2000,5,16,关于浙江省嘉兴市郊区更名为秀洲区的批复 ……………………………… 民政部
2000,5,17,关于辽宁省抚顺市露天区更名为东洲区的批复 …………………………… 民政部
2000,6,1,国务院关于纠正地方自行制定税收先征后返政策的通知
2000,6,2,国务院关于更改新华通讯社香港分社、澳门分社名称问题的通知
2000,6,3,国务院办公厅关于成立国家信息化工作领导小组的通知
2000,6,4,国务院办公厅转发科技部等部门关于建立风险投资机制若干意见的通知 关于建立风险投资机制的若干意见
2000,6,5,中华人民共和国和斐济群岛共和国新闻公报
2000,6,6,中华人民共和国政府与捷克共和国政府联合公报
2000,6,7,中华人民共和国国家经济贸易委员会令（第15号）  　　中华人民共和国国家经济贸易委员会产业损害裁定听证规则
2000,6,8,关于积极推进高中阶段教育事业发展的若干意见 ………………………… 教育部
2000,6,9,关于加强中小学心理健康教育的若干意见 …………………………………… 教育部
2000,6,10,中华人民共和国国防科学技术工业委员会令（第2号） 民用爆破器材生产流通管理暂行规定
2000,6,11,中华人民共和国建设部令（第71号） 建筑工程施工许可管理办法
2000,6,12,中华人民共和国建设部令（第72号） 城市房屋白蚁防治管理规定
2000,6,13,国家税务总局关于印发《储蓄存款利息所得个人所得税征收管理办法》的通知 储蓄存款利息所得个人所得税征收管理办法
2000,6,14,国家税务总局关于储蓄存款利息所得征收个人所得税若干业务问题的通知
2000,6,15,国家环境保护总局令（第8号） 近岸海域环境功能区管理办法
2000,6,16,关于印发《统计上岗资格证书颁发实施办法》的通知 …… 国家统计局、教育部 统计上岗资格证书颁发实施办法
2000,6,17,中国地震局令（第3号） 地震行政执法规定
2000,6,18,中国地震局令（第4号） 地震行政复议规定 《中华人民共和国行政复议法》有关条文
2000,6,19,关于发布《境内企业申请到香港创业板上市审批与监管指引》的通知 ……………………………………………………………………… 中国证券监督管理委员会  　　境内企业申请到香港创业板上市审批与监管指引
2000,6,20,关于申请境外期货业务有关问题的通知 …… 中国证券监督管理委员会等四部门
2000,6,21,关于广东省开平市人民政府驻地迁移的批复 …………………………………… 民政部
2000,6,22,关于内蒙古自治区包头市郊区更名为九原区、石拐矿区更名为石拐区的批复  　………………………………………………………………………………………………… 民政部
2000,6,23,关于新疆维吾尔自治区乌鲁木齐市南山矿区更名为南泉区的批复………… 民政部
2000,6,24,关于同意西藏自治区撤销隆格尔等五县的批复…………………………………… 民政部
2000,7,1,全国人民代表大会常务委员会关于批准《中华人民共和国、俄罗斯联邦和哈萨克 斯坦共和国关于确定三国国界交界点的协定》的决定
2000,7,2,国务院办公厅转发教育部等部门关于进一步加快高等学校后勤社会化改革意见的 通知 关于进一步加快高等学校后勤社会化改革的意见
2000,7,3,国务院办公厅转发交通部等部门关于继续做好公路养路费等交通规费征收工作意 见的通知 关于继续做好公路养路费等交通规费征收工作的意见
2000,7,4,国务院办公厅关于国务院授权省、自治区、直辖市人民政府审批设立高等职业学 校有关问题的通知
2000,7,5,国务院办公厅转发人事部财政部关于调整机关事业单位工作人员工资标准和增加 离退休人员离退休费三个实施方案的通知 关于调整机关工作人员工资标准的实施方案 关于调整事业单位工作人员工资标准的实施方案 关于增加机关、事业单位离退休人员离退休费的实施方案
2000,7,6,关于清理收回企业欠缴社会保险费有关问题的通知 ……………………………………………………… 劳动和社会保障部等三部门
2000,7,7,关于印发《矿产资源勘查开采登记代理机构管理暂行办法》和《矿产资源勘查开 采登记代理人员资格及代理机构资质考核授予办法》的通知 …… 国土资源部 矿产资源勘查开采登记代理机构管理暂行办法 矿产资源勘查开采登记代理人员资格及代理机构资质考核授予办法
2000,7,8,关于印发《规范国有土地租赁若干意见》的通知 …………………… 国土资源部 规范国有土地租赁若干意见
2000,7,9,中华人民共和国水利部令（第11号） 水利基本建设项目稽察暂行办法
2000,7,10,国家税务总局关于印发《外商投资企业采购国产设备退税管理试行办法》的通知 外商投资企业采购国产设备退税管理试行办法
2000,7,11,国家税务总局关于加强金融保险企业呆账坏账损失税前扣除管理问题的通知
2000,7,12,国家税务总局关于从事房地产业务的外商投资企业若干税务处理问题的通知
2000,7,13,国家税务总局关于外籍个人储蓄存款利息所得个人所得税有关问题的通知 国家税务总局公告
2000,7,14,关于印发《关于外商投资企业合并与分立的规定》的通知 … 外经贸部、工商局 关于外商投资企业合并与分立的规定
2000,7,15,关于严格期刊刊号管理问题的通知 …………………………………… 新闻出版署
2000,7,16,关于规范期刊刊名标识的通知 ………………………………………… 新闻出版署
2000,7,17,关于进一步加强期刊刊期变更审批管理的通知 ……………………… 新闻出版署
2000,7,18,关于非贸易及部分资本项目项下售付汇提交税务凭证有关问题的通知 …………………………………………………………………… 外汇局、税务总局 非贸易及部分资本项目项下售付汇提交税务凭证有关问题的规定
2000,8,1,在春节团拜会上的讲话 ……………………………………………………… 朱镕基
2000,8,2,中华人民共和国国务院令（第277号） 第五次全国人口普查办法
2000,8,3,中华人民共和国国务院令（第278号） 中华人民共和国森林法实施条例
2000,8,4,中华人民共和国国务院令（第279号） 建设工程质量管理条例
2000,8,5,国务院关于深圳市城市总体规划的批复
2000,8,6,国务院办公厅转发中国人民银行等部门关于助学贷款管理若干意见的通知 关于助学贷款管理的若干意见
2000,8,7,国务院办公厅关于部分粮食品种退出保护价收购范围有关问题的通知
2000,8,8,国务院办公厅关于继续做好确保国有企业下岗职工基本生活和企业离退休人员养 老金发放工作的通知
2000,8,9,国务院办公厅转发国家经贸委关于清理整顿小钢铁厂意见的通知 关于清理整顿小钢铁厂的意见
2000,8,10,关于印发《关于加工贸易企业以多种形式缴纳税款保证金实施办法》的通知 ………………………………………………………………… 国家经贸委等6部门 关于加工贸易企业以多种形式缴纳税款保证金实施办法
2000,8,11,印发《关于加速实施技术创新工程形成以企业为中心的技术创新体系的意见》的 通知 …………………………………………………………………… 国家经贸委 关于加速实施技术创新工程，形成以企业为中心的技术创新体系的意见
2000,8,12,中华人民共和国教育部令（第8号） 中小学校长培训规定
2000,8,13,关于在小学减轻学生过重负担的紧急通知 ………………………………… 教育部
2000,8,14,中华人民共和国民政部令（第18号） 民办非企业单位登记暂行办法
2000,8,15,中华人民共和国司法部令（第56号） 未成年犯管教所管理规定
2000,8,16,国家税务总局关于个人在储蓄机构开设专门帐户取得利息所得征收个人所得税的 通知
2000,8,17,国家税务总局关于外商投资企业和外国企业对境外企业支付其雇员的工资薪金代 扣代缴个人所得税问题的通知
2000,8,18,国务院关于同意贵州省设立贵阳市小河区的批复
2000,8,19,国务院关于同意安徽省和河南省人民政府联合勘定的行政区域界线协议书的批复
2000,8,20,国务院关于同意内蒙古自治区和辽宁省人民政府联合勘定的行政区域界线协议书 的批复
2000,8,21,国务院关于同意四川省和贵州省人民政府联合勘定的行政区域界线协议书的批复
2000,8,22,国务院关于同意黑龙江省撤销绥化地区设立地级绥化市的批复
2000,9,1,中共中央 国务院关于做好二〇〇〇年农业和农村工作的意见
2000,9,2,中华人民共和国国务院令（第280号） 中华人民共和国人民币管理条例
2000,9,3,国务院关于召开2000年全国劳动模范和先进工作者表彰大会的通知
2000,9,4,国务院办公厅转发教育部等部门关于调整国务院部门(单位)所属学校管理体制和 布局结构实施意见的通知 关于调整国务院部门(单位)所属学校管理体制和布局结构的实施意见
2000,9,5,国务院办公厅转发国家税务总局关于全面推广应用增值税防伪税控系统意见的通 知 关于全面推广应用增值税防伪税控系统的意见
2000,9,6,国务院办公厅关于成立2000年全国劳动模范和先进工作者表彰大会筹备委员会及 办公室的通知
2000,9,7,关于公布第三批取消的各种基金(资金 附加 收费)项目的通知 ……………………………………………………………………… 财政部等六部门
2000,9,8,关于印发《公开发行股票公司信息披露的内容与格式准则第二号<年度报告的内容 与格式>》(1999年修订稿)的通知 ………………………………………… 证监会 公开发行股票公司信息披露的内容与格式准则第二号〈年度报告的内容与格 式〉(1999年修订稿)
2000,10,1,中华人民共和国国务院令（第281号） 违反行政事业性收费和罚没收入收支两条线管理规定行政处分暂行规定
2000,10,2,国务院办公厅关于调整中国人民银行货币政策委员会组成人员的通知
2000,10,3,国务院办公厅关于安徽合肥经济技术开发区的复函
2000,10,4,国务院办公厅关于河南郑州经济技术开发区的复函
2000,10,5,国务院办公厅关于陕西西安经济技术开发区的复函
2000,10,6,国务院办公厅关于四川成都经济技术开发区的复函
2000,10,7,国务院办公厅关于湖南长沙经济技术开发区的复函
2000,10,8,国务院办公厅关于云南昆明经济技术开发区的复函
2000,10,9,国务院办公厅关于贵州贵阳经济技术开发区的复函
2000,10,10,国务院办公厅关于批准襄樊市城市总体规划的通知
2000,10,11,外交部发言人2000年1月18日答记者问
2000,10,12,外交部发言人2000年1月23日发表谈话
2000,10,13,外交部发言人2000年1月23日答记者问
2000,10,14,中国人权发展50年 …………………………………………………………… 新闻办
2000,10,15,中华人民共和国国家经济贸易委员会令（第16号） 淘汰落后生产能力、工艺和产品的目录(第二批)
2000,10,16,关于开展国家公务员普通话培训的通知 ………………………… 人事部等三部门 普通话水平测试等级标准(试行)
2000,10,17,关于事业单位专业技术职务实行结构比例管理的通知 …………………… 人事部
2000,10,18,关于实行国家公务员培训证书管理制度的通知 …………………………… 人事部
2000,10,19,关于进一步做好解决干部夫妻两地分居问题工作的通知 ……… 人事部、公安部
2000,10,20,关于印发《人事争议处理办案规则》和《人事争议仲裁员管理办法》的通知 ………………………………………………………………………………… 人事部 人事争议处理办案规则 人事争议仲裁员管理办法
2000,10,21,关于解除国家公务员行政处分有关问题的通知 ………………… 人事部、监察部
2000,10,22,关于颁布《矿产资源储量评审认定办法》的通知 ………… 国土资源部等五部门 矿产资源储量评审认定办法
2000,10,23,关于土地利用总体规划审批和实施管理工作若干问题的通知 ……… 国土资源部
2000,11,1,江泽民主席致信祝贺第八届亚太人权研讨会在京召开
2000,11,2,从严治政　全面加强管理 …………………………………………………… 朱镕基
2000,11,3,国务院关于同意四川省和陕西省人民政府联合勘定的行政区域界线协议书的批复
2000,11,4,国务院关于同意广西壮族自治区与云南省人民政府联合勘定的行政区域界线协议 书的批复
2000,11,5,国务院关于同意重庆市和贵州省人民政府联合勘定的行政区域界线协议书的批复
2000,11,6,国务院办公厅转发国务院体改办等部门关于城镇医药卫生体制改革指导意见的通 知 关于城镇医药卫生体制改革的指导意见
2000,11,7,国务院办公厅转发民政部等部门关于加快实现社会福利社会化意见的通知 关于加快实现社会福利社会化的意见
2000,11,8,国务院办公厅转发公安部建设部关于实施全国城市道路交通管理“畅通工程”意 见的通知 关于实施全国城市道路交通管理“畅通工程”的意见
2000,11,9,一个中国的原则与台湾问题 ………………………………………… 台办、新闻办
2000,11,10,外交部发言人2000年1月25日答记者问
2000,11,11,外交部发言人2000年2月22日答记者问
2000,11,12,中华人民共和国民政部令（第19号） 社会福利机构管理暂行办法
2000,11,13,关于土地评估机构与政府主管部门脱钩的通知 ……………………… 国土资源部
2000,11,14,关于增发国债投资建设项目用地有关问题的通知 ……… 国土资源部、国家计委
2000,11,15,国土资源部、国家经贸委关于发布和实施《限制供地项目目录》、《禁止供地项 目目录》(第一批)的通知
2000,12,1,第九届全国人民代表大会第三次会议关于政府工作报告的决议
2000,12,2,全国人民代表大会常务委员会工作报告 ——2000年3月9日在第九届全国人民代表大会第三次会议上 ………… 李鹏
2000,12,3,第九届全国人民代表大会第三次会议关于全国人民代表大会常务委员会工作报告 的决议
2000,12,4,政府工作报告 ——2000年3月5日在第九届全国人民代表大会第三次会议上 ……… 朱镕基
2000,12,5,第九届全国人民代表大会第三次会议关于1999年国民经济和社会发展计划执行情 况与2000年国民经济和社会发展计划的决议
2000,12,6,关于1999年国民经济和社会发展计划执行情况与2000年国民经济和社会发展计划 草案的报告 ——2000年3月6日在第九届全国人民代表大会第三次会议上 ……… 曾培炎
2000,12,7,第九届全国人民代表大会第三次会议关于1999年中央和地方预算执行情况及2000 年中央和地方预算的决议
2000,12,8,关于1999年中央和地方预算执行情况及2000年中央和地方预算草案的报告 ——2000年3月6日在第九届全国人民代表大会第三次会议上 ……… 项怀诚
2000,12,9,全国人民代表大会常务委员会关于加强经济工作监督的决定
2000,12,10,第九届全国人民代表大会第三次会议议程
2000,12,11,第九届全国人民代表大会第三次会议主席团常务主席名单
2000,12,12,第九届全国人民代表大会第三次会议副秘书长名单
2000,12,13,外交部发言人2000年2月26日答记者问
2000,13,1,关于教育问题的谈话 ………………………………………………………… 江泽民
2000,13,2,中华人民共和国主席令（第三十一号） 中华人民共和国立法法
2000,13,3,九届人大三次会议举行记者招待会朱镕基总理会见中外记者回答记者提问
2000,13,4,九届人大三次会议举行记者招待会唐家璇外长就国际形势和我国外交政策答中外 记者问
2000,13,5,关于印发《关于积极开展企业博士后工作的意见》的通知 ………………………………………………………… 人事部、全国博士后管委会 关于积极开展企业博士后工作的意见
2000,13,6,关于机关、事业单位工作人员在停职审查期间工资处理意见的通知 …… 人事部
2000,13,7,关于国家机关工勤人员和事业单位工作人员受行政纪律处分工资问题处理意见的 通知 ………………………………………………………………………… 人事部
2000,13,8,关于印发《矿产资源规划管理暂行办法》的通知 …………………… 国土资源部 矿产资源规划管理暂行办法
2000,13,9,关于土地开发整理工作有关问题的通知 ……………………………… 国土资源部
2000,13,10,关于在矿业权转让时做好有关工作的通知 …………………………… 国土资源部
2000,13,11,国家税务总局关于修改《国家税务总局关于增值税一般纳税人发生偷税行为如何 确定偷税数额和补税罚款的通知》的通知
2000,13,12,国家税务总局关于我国境内企业若干对外应付未付费用扣缴预提所得税问题的补 充通知
2000,13,13,国家税务总局关于农村信用社管理机构提取管理费问题的通知
2000,13,14,国家林业局、农业部令（第4号） 国家重点保护野生植物名录(第一批)
2000,13,15,中华人民共和国国务院关于香港特别行政区政府尤曾家丽等9人职务任免的通知
2000,14,1,中华人民共和国国务院令（第282号） 国有重点金融机构监事会暂行条例
2000,14,2,中华人民共和国国务院令（第283号） 国有企业监事会暂行条例
2000,14,3,国务院关于决定接受《〈建立世界知识产权组织公约〉第九条第(3)款修正案》的 批复
2000,14,4,国务院办公厅转发国务院第五次全国人口普查领导小组、公安部关于在第五次全 国人口普查前进行户口整顿工作意见的通知 关于在第五次全国人口普查前进行户口整顿工作的意见
2000,14,5,国务院办公厅关于调整国务院防治艾滋病性病协调会议组成人员的通知
2000,14,6,国务院办公厅转发国务院纠正行业不正之风办公室关于2000年纠风工作实施意见 的通知 国务院纠正行业不正之风办公室关于2000年纠风工作的实施意见
2000,14,7,关于加强征地管理工作的通知 ………………………………………… 国土资源部
2000,14,8,关于印发《中介服务收费管理办法》的通知 ………………… 国家计委等六部门 中介服务收费管理办法
2000,14,9,中华人民共和国科学技术部令（第1号） 国家科学技术奖励条例实施细则
2000,14,10,中华人民共和国科学技术部令（第2号） 省、部级科学技术奖励管理办法
2000,14,11,中华人民共和国科学技术部令（第3号） 社会力量设立科学技术奖管理办法
2000,14,12,关于实行建设用地地质灾害危险性评估的通知 ……………………… 国土资源部
2000,14,13,关于在土地执法监察工作中实行动态巡查责任制有关问题的通知 … 国土资源部
2000,14,14,1999年美国的人权纪录 ……………………………………………………… 新闻办
2000,14,15,国务院关于甘肃省玛曲县与青海省河南蒙古族自治县行政区域界线争议地段划分 的批复
2000,14,16,国务院关于同意河北省调整廊坊市市辖区行政区划的批复
2000,14,17,国务院关于河北省围场满族蒙古族自治县、沽源县与内蒙古自治区克什克腾旗、 多伦县行政区域界线争议地段划分的批复
2000,15,1,中华人民共和国国务院令（第284号） 中华人民共和国水污染防治法实施细则
2000,15,2,中华人民共和国国务院令（第285号） 个人存款账户实名制规定
2000,15,3,国务院关于授权签署《关于简化和协调海关制度的国际公约修正案议定书》并接 受专项附约四第一章和专项附约七第一章的批复
2000,15,4,国务院办公厅转发国家计委、人民银行关于进一步加强对外发债管理意见的通知 关于进一步加强对外发债管理的意见
2000,15,5,国务院办公厅关于加强和改进城乡规划工作的通知
2000,15,6,国务院办公厅关于调整中国人民银行货币政策委员会组成人员的通知
2000,15,7,中华人民共和国公安部令（第44号） 群众性文化体育活动治安管理办法
2000,15,8,中华人民共和国公安部令（第45号） 机动车驾驶员交通违章记分办法
2000,15,9,关于公布取消第三批行政事业性收费项目的通知 …………… 财政部、国家计委
2000,15,10,关于贯彻落实《中共中央、国务院关于加强技术创新，发展高科技，实现产业化 的决定》有关税收问题的通知 ……………………………… 财政部、税务总局
2000,15,11,关于个人出售住房所得征收个人所得税有关问题的通知 ……… 财政部等三部门
2000,15,12,关于印发《技术改造国产设备投资抵免企业所得税暂行办法》的通知 技术改造国产设备投资抵免企业所得税暂行办法
2000,15,13,关于印发《国土资源部关于加强土地资产管理促进国有企业改革和发展的若干意 见》的通知 …………………………………………………………… 国土资源部 国土资源部关于加强土地资产管理促进国有企业改革和发展的若干意见
2000,15,14,关于搞好农用地管理促进农业生产结构调整工作的通知 … 国土资源部、农业部
2000,15,15,中华人民共和国1999年国民经济和社会发展统计公报
2000,15,16,印发《关于贯彻执行<煤炭经营管理办法>依法整顿煤炭经营秩序的实施意见》的 通知 ……………………………………………………………… 煤炭局等三部门 关于贯彻执行《煤炭经营管理办法》依法整顿煤炭经营秩序的实施意见
2000,15,17,国务院关于同意湖南省和重庆市人民政府联合勘定的行政区域界线协议书的批复
2000,15,18,国务院办公厅关于暂时冻结全国行政区划变更的通知
2000,16,1,关于财政税收工作问题 ……………………………………………………… 江泽民
2000,16,2,全国人民代表大会常务委员会关于批准《中华人民共和国和柬埔寨王国引渡条 约》的决定
2000,16,3,全国人民代表大会常务委员会关于批准《中华人民共和国和突尼斯共和国关于民 事和商事司法协助的条约》的决定
2000,16,4,全国人民代表大会常务委员会关于批准《中华人民共和国和塔吉克斯坦共和国关 于中塔国界的协定》的决定
2000,16,5,国务院办公厅转发水利部关于加强嫩江松花江近期防洪建设若干意见的通知 关于加强嫩江松花江近期防洪建设的若干意见
2000,16,6,国务院办公厅关于发布新建国家级自然保护区的通知 新建国家级自然保护区名单
2000,16,7,外交部发言人2000年3月9日答记者问
2000,16,8,外交部发言人2000年3月23日答记者问
2000,16,9,外交部发言人2000年3月27日发表谈话
2000,16,10,外交部发言人2000年4月5日答记者问
2000,16,11,中华人民共和国公安部令（第46号） 交通违章处理程序规定
2000,16,12,中华人民共和国对外贸易经济合作部令（第4号） 易制毒化学品进出口管理规定
2000,16,13,关于下发《对外承包工程项目投标 (议标)许可暂行办法》的通知 ……………………………………………………………… 外经贸部、人民银行 对外承包工程项目投标(议标)许可暂行办法
2000,16,14,中华人民共和国国家出入境检验检疫局令（第1号） 进口汽车检验管理办法
2000,16,15,中华人民共和国国家出入境检验检疫局令（第2号） 进口废物原料装运前检验机构认可管理办法(试行)
2000,16,16,中华人民共和国国家出入境检验检疫局令（第3号） 供港澳活羊检验检疫管理办法
2000,16,17,中华人民共和国国家出入境检验检疫局令（第4号） 供港澳活牛检验检疫管理办法
2000,16,18,中华人民共和国国家出入境检验检疫局令（第5号） 出口食用动物饲用饲料检验检疫管理办法
2000,16,19,国务院关于同意福建省设立泉州市泉港区的批复
2000,17,1,在以色列总统举行的欢迎宴会上的讲话 …………… 中华人民共和国主席 江泽民
2000,17,2,在巴勒斯坦立法委员会举行的欢迎会议上的讲话 … 中华人民共和国主席 江泽民
2000,17,3,在德米雷尔总统举行的欢迎宴会上的讲话 ………… 中华人民共和国主席 江泽民
2000,17,4,在斯特凡诺普洛斯总统举行的欢迎宴会上的答词 … 中华人民共和国主席 江泽民
2000,17,5,在姆贝基总统举行的欢迎宴会上的讲话 …………… 中华人民共和国主席 江泽民
2000,17,6,关于做好2000年普通高等学校招生工作的通知 …………………………… 教育部 2000年普通高等学校招生工作规定
2000,17,7,关于印发《关于2000年初中毕业、升学考试改革的指导意见》的通知 … 教育部 关于2000年初中毕业、升学考试改革的指导意见
2000,17,8,关于制作数字化制品的著作权规定 ………………………………………… 版权局
2000,17,9,国家测绘局令（第5号） 国家基础地理信息数据使用许可管理规定
2000,17,10,中华人民共和国国家出入境检验检疫局令（第7号） 出入境检验检疫行政复议办法
2000,17,11,中华人民共和国国家出入境检验检疫局令（第8号） 出入境检验检疫行政处罚办法
2000,17,12,中华人民共和国国家出入境检验检疫局令（第9号） 出口烟花爆竹检验管理办法
2000,17,13,中华人民共和国国家出入境检验检疫局令（第10号） 进境植物繁殖材料检疫管理办法
2000,17,14,中华人民共和国国家出入境检验检疫局令（第11号） 进境植物繁殖材料隔离检疫圃管理办法
2000,17,15,中华人民共和国国家出入境检验检疫局令（第12号） 进境水果检疫管理办法
2000,17,16,中华人民共和国国家出入境检验检疫局令（第13号） 进境栽培介质检疫管理办法
2000,17,17,中华人民共和国国家出入境检验检疫局令（第15号） 质量许可和卫生注册评审员管理办法
2000,18,1,中共中央　国务院关于加强人口与计划生育工作稳定低生育水平的决定
2000,18,2,中共中央办公厅　国务院办公厅关于推动东西部地区学校对口支援工作的通知(摘 要)
2000,18,3,中共中央总书记、国家主席江泽民给第五届全国残疾人运动会的贺信
2000,18,4,江泽民主席致电瓦希德总统热烈祝贺中国和印尼建交五十周年
2000,18,5,江主席致电菲律宾总统向菲客机遇难者亲属表示深切慰问
2000,18,6,江泽民致电越共中央总书记黎可漂沉痛悼念范文同同志
2000,18,7,江泽民主席致电古斯塔夫国王祝贺中国与瑞典建交五十周年
2000,18,8,朱镕基总理致电瓦希德总统热烈祝贺中国和印尼建交五十周年
2000,18,9,朱镕基致电越南政府总理潘文凯沉痛悼念范文同同志
2000,18,10,中华人民共和国政府和新加坡共和国政府关于双边合作的联合声明
2000,18,11,中华人民共和国与土耳其共和国联合公报
2000,18,12,中华人民共和国与南非共和国关于伙伴关系的比勒陀利亚宣言
2000,18,13,中华人民共和国和印度尼西亚共和国关于未来双边合作方向的联合声明
2000,18,14,关于加强和改进研究生培养工作的几点意见 ……………………………… 教育部
2000,18,15,中华人民共和国建设部令（第73号） 燃气燃烧器具安装维修管理规定
2000,18,16,中华人民共和国海关总署令（第79号） 《中华人民共和国海关稽查条例》实施办法
2000,18,17,国家税务总局关于金融业营业税若干问题的通知
2000,18,18,国家税务总局关于印发《技术改造国产设备投资抵免企业所得税审核管理办法》 的通知 技术改造国产设备投资抵免企业所得税审核管理办法
2000,18,19,国家税务总局关于铁路运费进项税额抵扣有关问题的通知
2000,18,20,中国地震局令（第5号） 地震行政法制监督规定
2000,18,21,中国地震局令（第6号） 地震行政规章制定程序规定
2000,18,22,中华人民共和国国家出入境检验检疫局令（第17号） 进出境集装箱检验检疫管理办法
2000,18,23,中华人民共和国国家出入境检验检疫局令（第18号） 出口煤炭检验管理办法
2000,18,24,关于对出口小家电产品实施法定检验的通知 …………… 出入境检验局等三部门
2000,18,25,中华人民共和国主席任免人员
2000,18,26,全国人民代表大会常务委员会关于撤销成克杰第九届全国人民代表大会常务委员 会副委员长职务的公告
2000,19,1,在全国劳动模范和先进工作者表彰大会上的讲话 ………………………… 江泽民
2000,19,2,国务院关于表彰全国劳动模范和先进工作者的决定
2000,19,3,国务院关于同意安徽省农村税费改革试点方案的批复
2000,19,4,国务院关于银川市城市总体规划的批复
2000,19,5,外交部发言人2000年4月10日发表谈话
2000,19,6,外交部发言人2000年4月18日发表谈话
2000,19,7,外交部发言人2000年5月7日发表谈话
2000,19,8,外交部发言人2000年5月9日答记者问
2000,19,9,外交部发言人2000年5月16日答记者问
2000,19,10,外交部发言人2000年5月25日发表谈话
2000,19,11,中华人民共和国教育部　中华人民共和国外交部　中华人民共和国公安部令（第9 号） 高等学校接受外国留学生管理规定
2000,19,12,中华人民共和国国防科学技术工业委员会令（第3号） 国防科学技术奖励办法
2000,19,13,中华人民共和国民政部令　中华人民共和国公安部令（第20号） 民办非企业单位印章管理规定
2000,19,14,关于国家经贸委管理的10个国家局所属科研机构转制后有关养老保险问题的通知 ………………………………………………………………… 劳动保障部等四部门
2000,19,15,关于印发2000年机电产品《配额产品目录》和《特定产品目录》的通知  　………………………………………………………………… 外经贸部、海关总署 配额产品目录 特定产品目录
2000,19,16,国家税务总局关于印发《金融保险业营业税申报管理试行办法》的通知 金融保险业营业税申报管理试行办法
2000,19,17,关于印发《企业专利工作管理办法(试行)》的通知 … 知识产权局、国家经贸委 企业专利工作管理办法(试行)
2000,19,18,关于开展打击假冒UL标志专项活动的通知 …………………… 知识产权局等部门
2000,19,19,国家测绘局令（第6号） 测绘行政处罚程序规定
2000,19,20,国家测绘局令（第7号） 测绘行政执法证管理规定
2000,20,1,中华人民共和国主席令（第三十二号） 中华人民共和国大气污染防治法
2000,20,2,国务院关于切实做好企业离退休人员基本养老金按时足额发放和国有企业下岗职 工基本生活保障工作的通知
2000,20,3,国务院关于严厉打击卷烟走私整顿卷烟市场通告的批复 关于严厉打击卷烟走私整顿卷烟市场的通告
2000,20,4,国务院办公厅转发农业部等部门关于巩固大检查成果进一步做好减轻农民负担工 作报告的通知 关于巩固大检查成果进一步做好减轻农民负担工作的报告
2000,20,5,国务院办公厅印发国务院有关部门实施招标投标活动行政监督的职责分工意见的 通知 关于国务院有关部门实施招标投标活动行政监督的职责分工的意见
2000,20,6,国务院办公厅转发文化部等部门关于开展电子游戏经营场所专项治理意见的通知 关于开展电子游戏经营场所专项治理的意见
2000,20,7,国务院办公厅关于将怒江省级自然保护区纳入高黎贡山国家级自然保护区有关问 题的通知
2000,20,8,国务院办公厅关于调整扩大白马雪山国家级自然保护区有关问题的通知
2000,20,9,国务院办公厅关于墨脱国家级自然保护区扩界更名为雅鲁藏布大峡谷国家级自然 保护区有关问题的通知
2000,20,10,国务院办公厅关于进行设立出口加工区试点的复函
2000,20,11,中华人民共和国政府和菲律宾共和国政府关于21世纪双边合作框架的联合声明
2000,20,12,印发《关于企业加强应收应付帐款管理的指导意见》的通知 ……… 国家经贸委 关于企业加强应收应付帐款管理的指导意见
2000,20,13,关于做好成品油流通企业核发批准证书和企业登记工作的通知 ………………………………………………………………… 国家经贸委、工商局
2000,20,14,中华人民共和国国防科学技术工业委员会令（第4号） 国防科技工业计量监督管理暂行规定
2000,20,15,中华人民共和国海关总署令（第80号） 中华人民共和国海关进出口商品预归类暂行办法
2000,20,16,国家税务总局关于印发《加强中小企业所得税征收管理工作的意见》的通知 加强中小企业所得税征收管理工作的意见
2000,20,17,国家税务总局关于印发《核定征收企业所得税暂行办法》的通知 核定征收企业所得税暂行办法
2000,20,18,国家林业局令（第5号） 中华人民共和国植物新品种保护名录(林业部分)
2000,20,19,关于向二级市场投资者配售新股有关问题的通知 ………………………… 证监会
2000,20,20,关于山东省泰安市郊区政府驻地迁移及更名的批复 ……………………… 民政部
2000,21,1,在中国科学院第十次、中国工程院第五次院士大会上的讲话 …………… 江泽民
2000,21,2,中华人民共和国国务院令（第286号） 蓄滞洪区运用补偿暂行办法
2000,21,3,国务院办公厅转发劳动保障部财政部关于实行国家公务员医疗补助意见的通知 关于实行国家公务员医疗补助的意见
2000,21,4,国务院办公厅转发科技部等部门关于深化科研机构管理体制改革实施意见的通知 关于深化科研机构管理体制改革的实施意见
2000,21,5,江泽民主席致电瓦希德总统对印尼地震并造成人员伤亡财产损失表示深切慰问
2000,21,6,中华人民共和国主席江泽民致电丹瑞大将热烈祝贺中缅建交五十周年
2000,21,7,中华人民共和国国务院总理朱镕基致电丹瑞大将热烈祝贺中缅建交五十周年
2000,21,8,江泽民主席电唁叙利亚总统阿萨德逝世
2000,21,9,印发《关于加快风力发电技术装备国产化的指导意见》的通知 …… 国家经贸委 关于加快风力发电技术装备国产化的指导意见
2000,21,10,关于公布《国家重点行业清洁生产技术导向目录》(第一批)的通知 …………………………………………………………………………… 国家经贸委 《国家重点行业清洁生产技术导向目录》(第一批)简介
2000,21,11,关于公布《当前国家鼓励发展的环保产业设备(产品)目录》(第一批)的通知 ……………………………………………………………… 国家经贸委、税务总局 当前国家鼓励发展的环保产业设备(产品)目录》(第一批)
2000,21,12,关于印发《清理整顿小玻璃厂小水泥厂工作检查验收办法》的通知 …………………………………………………………………………… 国家经贸委 清理整顿小玻璃厂小水泥厂工作检查验收办法
2000,22,1,中共中央办公厅　国务院办公厅关于加强青少年学生活动场所建设和管理工作的 通知
2000,22,2,中共中央台湾工作办公室　国务院台湾事务办公室就台湾地区产生新的领导人发 表声明
2000,22,3,国务院批转国家药品监督管理局药品监督管理体制改革方案的通知 药品监督管理体制改革方案
2000,22,4,国务院关于贯彻实施《中华人民共和国立法法》的通知
2000,22,5,国务院关于进一步完善粮食生产和流通有关政策措施的通知
2000,22,6,国务院办公厅转发国家经贸委等部门关于严格控制新增棉纺生产能力规定的通知 关于严格控制新增棉纺生产能力的规定
2000,22,7,国务院办公厅转发水利部关于加强长江中下游河道采砂管理意见的通知 关于加强长江中下游河道采砂管理的意见
2000,22,8,国务院办公厅关于江西省上栗县“3.11”特大爆炸事故情况的通报
2000,22,9,国务院办公厅关于做好国务院各部门分流人员学习培训后工作安排等问题的通知
2000,22,10,国务院办公厅转发国家旅游局等部门关于进一步发展假日旅游若干意见的通知 关于进一步发展假日旅游的若干意见
2000,22,11,中华人民共和国和缅甸联邦关于未来双边关系合作框架文件的联合声明
2000,22,12,中华人民共和国与摩尔多瓦共和国关于在21世纪继续加强全面合作的联合声明
2000,22,13,中华人民共和国外交部声明
2000,22,14,外交部发言人2000年6月11日发表谈话
2000,22,15,外交部发言人2000年6月13日答记者问
2000,22,16,外交部发言人2000年6月19日答记者问
2000,22,17,关于印发《办理<开采黄金矿产批准书>的有关规定》的通知 ……… 国家经贸委 办理《开采黄金矿产批准书》的有关规定
2000,22,18,关于颁布《高等职业学校设置标准(暂行)》的通知 ……………………… 教育部 高等职业学校设置标准(暂行)
2000,22,19,关于普通高中毕业会考制度改革的意见 …………………………………… 教育部
2000,22,20,关于印发《技术合同认定登记管理办法》的通知 ……………… 科技部等三部门 技术合同认定登记管理办法
2000,22,21,关于利用出口信贷开展对外承包工程和成套设备出口实行资格审定的通知 ………………………………………………………………… 外经贸部、人民银行
2000,22,22,中华人民共和国海关总署令（第81号） 中华人民共和国海关对出口加工区监管的暂行办法
2000,22,23,关于调整外国文教专家工资的通知 ……………………………… 外专局、财政部
2000,22,24,国务院关于同意江西省撤销吉安地区设立地级吉安市的批复
2000,22,25,国务院关于同意内蒙古自治区调整呼和浩特市市辖区行政区划的批复
2000,22,26,国务院关于同意广东省撤销番禺市和花都市设立广州市番禺区和花都区的批复
2000,22,27,国务院关于同意河南省调整洛阳市市辖区行政区划的批复
2000,22,28,国务院关于同意浙江省撤销丽水地区设立地级丽水市的批复
2000,22,29,国务院关于同意安徽省调整阜阳市行政区划设立地级亳州市的批复
2000,22,30,国务院关于同意江西省撤销宜春地区设立地级宜春市的批复
2000,22,31,国务院关于同意湖南省永州市人民政府驻地迁移的批复
2000,22,32,国务院关于澳门特别行政区简称及在全国行政区划中排列顺序的通知
2000,22,33,中华人民共和国主席任免人员
2000,23,1,为世界环境日发表的电视讲话 ……………… 中华人民共和国国务院总理朱镕基
2000,23,2,中华人民共和国国务院令（第287号） 企业财务会计报告条例
2000,23,3,国务院关于禁止采集和销售发菜制止滥挖甘草和麻黄草有关问题的通知
2000,23,4,国务院批转财政部国家计委关于进一步加强外国政府贷款管理若干意见的通知 关于进一步加强外国政府贷款管理的若干意见
2000,23,5,国务院关于个人独资企业和合伙企业征收所得税问题的通知
2000,23,6,国务院关于印发鼓励软件产业和集成电路产业发展若干政策的通知 鼓励软件产业和集成电路产业发展的若干政策
2000,23,7,国务院办公厅转发公安部等部门关于开展加强娱乐服务场所管理严厉打击卖淫嫖 娼赌博吸毒贩毒等社会丑恶现象专项行动意见的通知 关于开展加强娱乐服务场所管理严厉打击卖淫嫖娼赌博吸毒贩毒等社会丑恶 现象专项行动的意见
2000,23,8,中华人民共和国与南非共和国关于伙伴关系的比勒陀利亚宣言
2000,23,9,江泽民主席致电斯托总统祝贺中国与基里巴斯建交20周年
2000,23,10,外交部发言人2000年6月20日答记者问
2000,23,11,外交部发言人2000年6月22日答记者问
2000,23,12,外交部发言人2000年6月27日答记者问
2000,23,13,中华人民共和国公安部令（第48号） 人民警察警徽使用管理规定
2000,23,14,中华人民共和国监察部、中华人民共和国国土资源部令（第9号） 关于违反土地管理规定行为行政处分暂行办法
2000,23,15,中华人民共和国交通部令（2000年第2号） 超限运输车辆行驶公路管理规定
2000,23,16,关于《个人存款账户实名制规定》施行后有关问题处置意见的通知 … 人民银行
2000,23,17,国家税务总局关于外商投资企业征收城市房地产税若干问题的通知
2000,23,18,国家税务总局关于白银生产环节征收增值税的通知
2000,23,19,国家税务总局关于企业改组改制过程中个人取得的量化资产征收个人所得税问题 的通知
2000,23,20,国家税务总局关于明确电子出版物属于软件征税范围的通知
2000,23,21,国家林业局令（第6号） 林业工作站管理办法
2000,23,22,国家质量技术监督局令（第7号） 产品免于质量监督检查管理办法
2000,23,23,关于发布《中国证监会股票发行核准程序》的通知 ……………………… 证监会 中国证监会股票发行核准程序
2000,23,24,关于发布《股票发行上市辅导工作暂行办法》的通知 …………………… 证监会 股票发行上市辅导工作暂行办法
2000,23,25,国家税务总局关于外国投资者享受再投资退还所得税优惠有关问题的通知
2000,24,1,中共中央　国务院关于促进小城镇健康发展的若干意见(摘要)
2000,24,2,在“二十一世纪论坛”二〇〇〇年会议开幕式上的讲话 ……………………………………………… 中华人民共和国国务院总理 朱镕基
2000,24,3,中华人民共和国主席令（第三十三号） 全国人民代表大会常务委员会关于修改《中华人民共和国产品质量法》的决 定 中华人民共和国产品质量法
2000,24,4,全国人民代表大会常务委员会关于批准《中华人民共和国和越南社会主义共和国 领事条约》的决定
2000,24,5,全国人民代表大会常务委员会关于批准《中华人民共和国和越南社会主义共和国 陆地边界条约》的决定
2000,24,6,全国人民代表大会常务委员会关于批准《中华人民共和国、吉尔吉斯共和国和哈 萨克斯坦共和国关于三国国界交界点的协定》的决定
2000,24,7,全国人民代表大会常务委员会关于批准《中华人民共和国和吉尔吉斯共和国关于 中吉国界的补充协定》的决定
2000,24,8,中华人民共和国与伊朗伊斯兰共和国联合公报
2000,24,9,关于建立土地有形市场促进土地使用权规范交易的通知 …………… 国土资源部
2000,24,10,关于加强地质环境监测工作的通知 …………………………………… 国土资源部
2000,24,11,关于印发《地质灾害防治工程施工单位资质管理办法》的通知 …… 国土资源部 地质灾害防治工程施工单位资质管理办法
2000,24,12,关于涉外非法人企业申请探矿权有关问题的通知 …………………… 国土资源部
2000,24,13,关于开展土地登记公开查询试点工作的通知 ………………………… 国土资源部 土地登记公开查询试点城市名单 土地登记公开查询暂行办法（试点试用）
2000,24,14,关于印发《矿产储量评估师管理办法》的通知 ……………………… 国土资源部 矿产储量评估师管理办法
2000,24,15,关于印发《证券公司股票质押贷款管理办法》的通知 ……… 人民银行、证监会 证券公司股票质押贷款管理办法
2000,24,16,关于印发《出口收汇考核试行办法奖惩细则》的通知 ……… 人民银行等四部门 出口收汇考核试行办法奖惩细则
2000,24,17,关于印发《教育储蓄管理办法》的通知 ………………………………… 人民银行 教育储蓄管理办法
2000,24,18,关于印发施行《旅游标准化工作管理暂行办法》的通知 ………………… 旅游局 旅游标准化工作管理暂行办法
2000,25,1,中华人民共和国主席令（第三十四号） 中华人民共和国种子法
2000,25,2,中华人民共和国主席令（第三十五号） 全国人民代表大会常务委员会关于修改《中华人民共和国海关法》的决定 中华人民共和国海关法
2000,25,3,全国人民代表大会常务委员会关于批准《中华人民共和国和突尼斯共和国关于刑 事司法协助的条约》的决定
2000,25,4,全国人民代表大会常务委员会关于批准《中华人民共和国和澳大利亚领事协定》 的决定
2000,25,5,全国人民代表大会常务委员会关于批准《中华人民共和国和乌兹别克斯坦共和国 引渡条约》的决定
2000,25,6,全国人民代表大会常务委员会关于批准《中华人民共和国和哥伦比亚共和国关于 刑事司法协助的条约》的决定
2000,25,7,国务院办公厅关于做好2001年度国务院公报发行工作的通知
2000,25,8,外交部发言人2000年7月6日答记者问
2000,25,9,外交部发言人2000年7月11日答记者问
2000,25,10,外交部发言人2000年7月20日答记者问
2000,25,11,中国环境状况公报（摘要） ……………………………………………… 环保总局
2000,25,12,中华人民共和国国家出入境检验检疫局令（第19号） 进出口食品标签管理办法
2000,25,13,关于对未列入《出入境检验检疫机构实施检验检疫的进出境商品目录》的出入境 货物检验检疫通关放行问题的通知 ………………… 出入境检验局、海关总署
2000,25,14,国务院关于同意设立德州海关的批复
2000,25,15,国务院关于同意山东省撤销滨州地区设立地级滨州市的批复
2000,25,16,国务院关于同意四川省撤销眉山地区设立地级眉山市的批复
2000,26,1,国务院批转国家计委、财政部、水利部、建设部关于加强公益性水利工程建设管 理若干意见的通知 关于加强公益性水利工程建设管理的若干意见
2000,26,2,国务院办公厅转发国务院清理整顿经济鉴证类社会中介机构领导小组关于经济鉴 证类社会中介机构与政府部门实行脱钩改制意见的通知 关于经济鉴证类社会中介机构与政府部门实行脱钩改制的意见
2000,26,3,国务院办公厅转发中央社会治安综合治理委员会等部门关于深化学校治安综合治 理工作意见的通知 关于深化学校治安综合治理工作的意见
2000,26,4,江泽民电贺巴沙尔当选叙利亚总统
2000,26,5,致非统第36届首脑会的贺电 ……………… 中华人民共和国国务院总理　朱镕基
2000,26,6,中华人民共和国和塔吉克斯坦共和国关于发展两国面向21世纪的睦邻友好合作关 系的联合声明
2000,26,7,中国人民银行令（〔2000〕第1号） 金融机构高级管理人员任职资格管理办法
2000,26,8,关于严格执行《个人存款账户实名制规定》有关问题的通知 ………… 人民银行
2000,26,9,中华人民共和国国家工商行政管理局令（第93号） 企业名称登记管理实施办法
2000,26,10,中华人民共和国国家工商行政管理局令（第95号） 印刷品广告管理办法
2000,26,11,关于加强自费出国留学中介服务广告管理的通知 ………………………… 工商局
2000,26,12,西藏文化的发展 ……………………………………………………………… 新闻办
2000,26,13,中华人民共和国国家出入境检验检疫局令（第20号） 出口蜂蜜检验检疫管理办法
2000,26,14,中华人民共和国国家出入境检验检疫局令（第21号） 进出口化妆品监督检验管理办法
2000,26,15,中华人民共和国国家出入境检验检疫局令（第22号） 出入境检验检疫封识管理办法
2000,27,1,国务院办公厅关于转发国家发展计划委员会《国家重大建设项目稽察办法》的通 知 国家重大建设项目稽察办法
2000,27,2,国务院办公厅关于青海西宁经济技术开发区的复函
2000,27,3,国务院办公厅关于内蒙古呼和浩特经济技术开发区的复函
2000,27,4,哈萨克斯坦共和国、中华人民共和国、吉尔吉斯共和国、俄罗斯联邦和塔吉克斯 坦共和国元首杜尚别声明
2000,27,5,中华人民共和国劳动和社会保障部令（第6号） 招用技术工种从业人员规定
2000,27,6,关于建设项目环境保护设施竣工验收监测管理有关问题的通知 ……… 环保总局 建设项目环境保护设施竣工验收监测技术要求(试行)
2000,27,7,关于发布《饮食业油烟排放标准(试行)》通知 ………………………… 环保总局 GWPB5—2000饮食业油烟排放标准(试行)
2000,27,8,关于命名第一批国家级生态示范区及表彰先进的决定 ………………… 环保总局 第一批国家级生态示范区名单
2000,27,9,中国的禁毒 …………………………………………………………………… 新闻办
2000,27,10,中国气象局令（第1号） 气象行政处罚办法
2000,27,11,中国气象局令（第2号） 气象行政复议办法
2000,27,12,中华人民共和国国务院任免人员
2000,28,1,中华人民共和国国务院 中华人民共和国中央军事委员会令（第288号） 中华人民共和国飞行基本规则
2000,28,2,国务院关于贵阳市城市总体规划的批复
2000,28,3,国务院关于组建中国卫星通信集团公司有关问题的批复
2000,28,4,国务院关于淄博市城市总体规划的批复
2000,28,5,国务院关于太原市城市总体规划的批复
2000,28,6,中华人民共和国主席和俄罗斯联邦总统关于反导问题的联合声明
2000,28,7,中华人民共和国和俄罗斯联邦北京宣言
2000,28,8,关于印发《关于深化卫生事业单位人事制度改革的实施意见》的通知 ……………………………………………………………………… 中组部等三部门 关于深化卫生事业单位人事制度改革的实施意见
2000,28,9,关于加强新增建设用地土地有偿使用费收缴管理工作的通知 ……… 国土资源部
2000,28,10,关于印发《基本农田保护区调整划定工作验收办法》的通知 ………………………………………………………………… 国土资源部、农业部 基本农田保护区调整划定工作验收办法
2000,28,11,关于发布《国内水路集装箱港口收费办法》的通知 ………… 交通部、国家计委 国内水路集装箱港口收费办法
2000,28,12,关于印发《联合收割机跨区作业管理暂行办法》的通知 ………………… 农业部 联合收割机跨区作业管理暂行办法
2000,28,13,中华人民共和国卫生部令（第10号） 餐饮业食品卫生管理办法
2000,28,14,关于认真贯彻《餐饮业食品卫生管理办法》加强餐饮业卫生管理工作的通知 ……………………………………………………………………… 卫生部、内贸局
2000,28,15,卫生部关于进一步做好医师资格认定工作的通知
2000,28,16,国务院关于同意河南省撤销周口地区设立地级周口市的批复
2000,28,17,国务院关于同意河南省撤销驻马店地区设立地级驻马店市的批复
2000,28,18,国务院关于同意上海市撤销黄浦区、南市区设立新的黄浦区的批复
2000,28,19,国务院关于同意四川省撤销雅安地区设立地级雅安市的批复
2000,29,1,深化干部人事制度改革纲要
2000,29,2,国务院办公厅转发工商局等部门关于严厉打击传销和变相传销等非法经营活动意 见的通知 关于严厉打击传销和变相传销等非法经营活动的意见
2000,29,3,中华人民共和国和白俄罗斯共和国关于在二十一世纪加强全面合作的联合声明
2000,29,4,关于印发《关于加快推进事业单位人事制度改革的意见》的通知 ……………………………………………………………………… 中组部、人事部 关于加快推进事业单位人事制度改革的意见
2000,29,5,关于加强和改进研究生德育工作的若干意见 ……………………………… 教育部
2000,29,6,关于印发《关于东西部地区学校对口支援工作的指导意见》的通知 ……………………………………………………………………… 教育部等六部门 关于东西部地区学校对口支援工作的指导意见
2000,29,7,中华人民共和国公安部令（第49号） 强制戒毒所管理办法
2000,29,8,中华人民共和国公安部令（第50号） 收容教育所管理办法
2000,29,9,中华人民共和国公安部令（第51号） 计算机病毒防治管理办法
2000,29,10,中华人民共和国公安部令（第52号） 麻黄素运输许可证管理规定
2000,29,11,关于发布《道路旅客运输企业经营资质管理规定(试行)》的通知 ……… 交通部 道路旅客运输企业经营资质管理规定(试行)
2000,29,12,中国人民银行令（〔2000〕第2号） 全国银行间债券市场债券交易管理办法
2000,30,1,中华人民共和国主席令（第三十六号） 全国人民代表大会常务委员会关于修改《中华人民共和国专利法》的决定 中华人民共和国专利法
2000,30,2,中华人民共和国国务院令（第289号） 国务院关于修改《人民警察警衔标志式样和佩带办法》的决定 人民警察警衔标志式样和佩带办法
2000,30,3,国家计委关于印发《机动车停放服务收费管理办法》的通知 机动车停放服务收费管理办法
2000,30,4,关于发布《公路工程(交通工程专业)施工企业资质标准》的通知 ……… 交通部 公路工程(交通工程专业)施工企业资质标准
2000,30,5,国家统计局令（第5号） 中华人民共和国统计法实施细则
2000,30,6,国家药品监督管理局令（第14号） 药品非临床研究质量管理规范（试行）
2000,30,7,关于发布《网上证券委托暂行管理办法》的通知 ………………………… 证监会 网上证券委托暂行管理办法
2000,30,8,关于印发《证券交易所风险基金管理暂行办法》和《证券结算风险基金管理暂行 办法》的通知 …………………………………………………… 证监会、财政部 证券交易所风险基金管理暂行办法 证券结算风险基金管理暂行办法
2000,30,9,关于修改《关于进一步完善股票发行方式的通知》有关规定的通知 …… 证监会
2000,30,10,关于印发《证券公司网上委托业务核准程序》的通知 …………………… 证监会 证券公司网上委托业务核准程序
2000,30,11,关于发布《上市公司向社会公开募集股份暂行办法》的通知 …………… 证监会 上市公司向社会公开募集股份暂行办法
2000,30,12,关于发布《上市公司向社会公开募集股份操作指引(试行)》的通知 …… 证监会 上市公司向社会公开募集股份操作指引(试行)
2000,30,13,关于加强证券公司承销企业债券业务监管工作的通知 …………………… 证监会
2000,31,1,在第十六届世界计算机大会开幕式上的讲话 ……………………………… 江泽民
2000,31,2,国务院关于发布《国家行政机关公文处理办法》的通知 国家行政机关公文处理办法
2000,31,3,国务院关于同意授予重庆江北国际机场口岸入境落地签证权的批复
2000,31,4,国务院关于同意设立昆山海关的批复
2000,31,5,国务院关于同意山西省和陕西省人民政府联合勘定的行政区域界线协议书的批复
2000,31,6,国务院办公厅关于为香港特别行政区政府驻北京办事处在内地执行公务提供便利 等问题的通知
2000,31,7,国务院办公厅转发国家经贸委关于鼓励和促进中小企业发展若干政策意见的通知 关于鼓励和促进中小企业发展的若干政策意见
2000,31,8,国务院办公厅关于西部大开发中加强文物保护和管理工作的通知
2000,31,9,中华人民共和国国家经济贸易委员会令（第17号） 石油天然气管道安全监督与管理暂行规定
2000,31,10,关于印发《中药材生产扶持项目管理办法》的通知 ………………… 国家经贸委 中药材生产扶持项目管理办法
2000,31,11,印发《关于培育中小企业社会化服务体系若干问题的意见》的通知 …………………………………………………………………………… 国家经贸委 关于培育中小企业社会化服务体系若干问题的意见
2000,31,12,一九九九年全国教育事业发展统计公报 …………………………………… 教育部
2000,31,13,关于发布《中央级科研院所科技基础性工作专项资金管理暂行办法》的通知 ……………………………………………………………………… 科技部、财政部 中央级科研院所科技基础性工作专项资金管理暂行办法
2000,31,14,关于发布《科研院所社会公益研究专项资金管理暂行办法》的通知 ……………………………………………………………………… 科技部、财政部 科研院所社会公益研究专项资金管理暂行办法
2000,31,15,关于发布《卫星电视广播地面接收设备定点生产管理办法》的通知 …………………………………………………………………………… 信息产业部 卫星电视广播地面接收设备定点生产管理办法
2000,31,16,关于印发《中外合资、合作经营企业中方投资人新增资本贷款管理办法》的通知 ……………………………………………………………………………… 人民银行 中外合资、合作经营企业中方投资人新增资本贷款管理办法
2000,31,17,关于《银行卡业务管理办法》跨行交易收费条款补充规定的通知　…… 人民银行
2000,31,18,关于加强动画片引进和播放管理的通知　………………………………… 广电总局
2000,31,19,关于印发《信息网络传播广播电影电视类节目监督管理暂行办法》的通知 ……………………………………………………………………………… 广电总局 信息网络传播广播电影电视类节目监督管理暂行办法
2000,31,20,国家质量技术监督局令（第9号） 质量技术监督行政复议实施办法
2000,32,1,在联合国千年首脑会议上的讲话 …………………… 中华人民共和国主席 江泽民
2000,32,2,在安理会首脑会议上的讲话 ………………………… 中华人民共和国主席 江泽民
2000,32,3,共同构筑面向新世纪的中美关系 ——在纽约美友好团体举行的午餐会上的演讲　……………………… 江泽民
2000,32,4,全国人民代表大会常务委员会关于批准《中华人民共和国和立陶宛共和国关于民 事和刑事司法协助的条约》的决定
2000,32,5,国务院关于进一步做好退耕还林还草试点工作的若干意见
2000,32,6,国务院关于加强出入境中介活动管理的通知
2000,32,7,国务院办公厅关于继续做好相对集中行政处罚权试点工作的通知
2000,32,8,国务院关于同意设立泰州海关的批复
2000,32,9,国务院办公厅关于抢救保护北宋永昭陵地宫问题的复函
2000,32,10,关于印发《关于加强对消耗臭氧层物质进出口管理的规定》的通知 …………………………………………………………………… 环保总局等三部门 关于加强对消耗臭氧层物质进出口管理的规定
2000,32,11,国家药品监督管理局令（第15号） 医疗器械分类规则
2000,32,12,国家药品监督管理局令（第17号） 医疗器械新产品审批规定(试行)
2000,32,13,国家药品监督管理局令（第16号） 医疗器械注册管理办法
2000,32,14,国家药品监督管理局令（第19号） 医疗器械经营企业监督管理办法
2000,32,15,国家药品监督管理局令（第18号） 医疗器械生产企业监督管理办法
2000,32,16,国家药品监督管理局令（第20号） 药品经营质量管理规范
2000,32,17,国务院关于同意天津市撤销武清县设立武清区的批复
2000,32,18,国务院关于同意山西省撤销运城地区设立地级运城市的批复
2000,32,19,国务院关于同意四川省撤销巴中地区设立地级巴中市的批复
2000,32,20,国务院关于同意四川省撤销资阳地区设立地级资阳市的批复
2000,32,21,国务院关于同意山西省撤销忻州地区设立地级忻州市的批复
2000,32,22,国务院关于同意贵州省撤销安顺地区设立地级安顺市的批复
2000,32,23,国务院关于同意山西省撤销临汾地区设立地级临汾市的批复
2000,32,24,国务院关于同意陕西省撤销安康地区设立地级安康市的批复
2000,32,25,国务院关于同意湖北省设立地级随州市的批复
2000,33,1,在会见第二十七届奥运会中国体育代表团时的讲话 ……………………… 江泽民
2000,33,2,在庆祝中华人民共和国成立51周年招待会上的讲话 ………… 国务院总理 朱镕基
2000,33,3,中华人民共和国国务院、中华人民共和国中央军事委员会令（第290号） 中国人民解放军实施《中华人民共和国执业医师法》办法
2000,33,4,中华人民共和国国务院令（第291号） 中华人民共和国电信条例
2000,33,5,国务院办公厅关于设立中俄东宁——波尔塔夫卡互市贸易区的复函
2000,33,6,国务院办公厅关于支持云南省发展花卉产业有关问题的函
2000,33,7,国务院办公厅关于四川大学和华西医科大学合并组建新的四川大学的复函
2000,33,8,江泽民致电巴林埃米尔哈马德对海湾航空公司客机遇难者表示深切哀悼
2000,33,9,江泽民主席和朱镕基总理致电卡斯特罗主席祝贺中古建交40周年
2000,33,10,国务院办公厅关于停止知识产权局向涉外专利代理机构收取办学经费有关问题的 复函
2000,33,11,关于印发《矿产资源储量规模划分标准》的通知 …………………… 国土资源部 矿区矿产资源储量规模划分标准
2000,33,12,中华人民共和国信息产业部令（第1号） 电信网码号资源管理暂行办法
2000,33,13,中华人民共和国水利部令（第13号） 水政监察工作章程
2000,33,14,1999年中国水资源公报 ……………………………………………………… 水利部
2000,33,15,关于加强广播电视节目电影片进口管理的通知 …………… 广电总局、海关总署
2000,33,16,国家宗教事务局令（第1号） 中华人民共和国境内外国人宗教活动管理规定实施细则
2000,33,17,中华人民共和国主席任免人员
2000,34,1,江泽民主席致信萨马兰奇完全支持北京申办2008年奥运会
2000,34,2,江泽民主席致电中国体育代表团祝贺我国体育健儿在悉尼奥运会上取得优异成绩
2000,34,3,中华人民共和国国务院令（第292号） 互联网信息服务管理办法
2000,34,4,中华人民共和国国务院令（第293号） 建设工程勘察设计管理条例
2000,34,5,江泽民主席致电祝贺科什图尼察当选南联盟总统
2000,34,6,江泽民主席致亚洲预防犯罪基金会第八届国际大会全体与会者的信
2000,34,7,朱镕基电唁特鲁多逝世
2000,34,8,外交部发表声明强烈抗议梵蒂冈“封圣”
2000,34,9,外交部发言人2000年9月6日答记者问
2000,34,10,外交部发言人2000年9月8日发表谈话
2000,34,11,外交部发言人2000年9月12日答记者问
2000,34,12,外交部发言人2000年9月20日发表谈话
2000,34,13,外交部发言人2000年9月29日答记者问
2000,34,14,外交部发言人2000年10月2日答记者问
2000,34,15,外交部发言人2000年10月6日发表谈话
2000,34,16,中华人民共和国国家发展计划委员会令（第3号） 工程建设项目招标范围和规模标准规定
2000,34,17,国家计委关于印发《省际间粮食收购价格衔接办法》的通知 ………… 国家计委 省际间粮食收购价格衔接办法
2000,34,18,关于印发《科技类民办非企业单位登记审查与管理暂行办法》的通知 ……………………………………………………………………… 科技部、民政部 科技类民办非企业单位登记审查与管理暂行办法
2000,34,19,中华人民共和国民政部令（第21号） 取缔非法民间组织暂行办法
2000,34,20,关于特殊坟墓处理问题的通知　…………………………………… 民政部等六部门
2000,34,21,关于印发《土地利用规划实施管理工作若干意见》的通知　………… 国土资源部 土地利用规划实施管理工作若干意见
2000,34,22,关于印发《住房置业担保管理试行办法》的通知　…………… 建设部、人民银行 住房置业担保管理试行办法
2000,34,23,关于进一步做好农药登记管理工作的通知 ………………………………… 农业部
2000,34,24,中华人民共和国卫生部、中华人民共和国对外贸易经济合作部令（第11号） 中外合资、合作医疗机构管理暂行办法
2000,34,25,关于规范涉外版权合作期刊封面标识的通知　………………………… 新闻出版署
2000,34,26,国家药品监督管理局令（第21号） 药品包装用材料、容器管理办法(暂行)
